file,output,timestamp
.gradio\flagged\file\f99400ae045885b14457\data 1.csv," The dataset contains two variables: BirthRate and InternetUsers, with a total of 195 observations. Here are some insights based on the summary statistics provided:

1. Both variables have approximately the same count (195) and mean values. This suggests that there is a positive correlation between birth rate and internet users, as an increase in one variable tends to correspond with an increase in the other.

2. The standard deviations for both variables are relatively high, indicating that there is a significant amount of variability or dispersion in the data. For example, the standard deviation for InternetUsers is 29.03, which means that internet users can range from a low of 0.9 to a high of 96.5468.

3. The minimum values for both variables are quite low, with the birth rate ranging from 7.9 and the number of internet users from 0.9. This suggests that there may be some areas or countries in the dataset where either variable has very low values.

4. The median (50%) values for both variables indicate a slight skew towards higher values, with 50% of birth rates above 19.68 and 50% of internet users above 41. This suggests that there may be more countries or regions in the dataset with relatively high birth rates and internet usage compared to the average.

5. The 75th percentile (75%) values for both variables show a wider range, indicating that there are some outliers with very high values in both variables. For example, 75% of birth rates are below 29.76, but there are still some countries or regions with significantly higher birth rates. Similarly, 75% of internet users are below 66.23, but there are still some areas with much higher levels of internet usage.

Overall, the dataset suggests a positive correlation between birth rate and internet usage, with both variables showing significant variability across different countries or regions. The high standard deviations and presence of outliers suggest that there may be important factors influencing these variables beyond just average population size or development level.",2025-12-19 14:45:44.354645
